"","LadlabID","subID","productivity","spon.raw","sup.raw","ihc","fhc","dce","decadeprompt","error.start","error.end","alldecadesprompted","notes"
"1","infinity-001","12","nonprod","1-13,15-29,26,27","[30],9",13,29,29,30,14,14,"30",""
"2","infinity-002","91","prod","1-111.",NA,99,99,NA,NA,NA,NA,NA,""
"3","infinity-003","1","nonprod","1-5,11,12,16,9,12,16.",NA,5,5,NA,NA,NA,NA,NA,""
"4","infinity-004","25","nonprod","1-15,20-24,26-30,36,37,59.",NA,15,30,NA,NA,16,19,NA,""
"5","infinity-004","25","nonprod","1-15,20-24,26-30,36,37,59.",NA,15,30,NA,NA,25,25,NA,""
"6","infinity-006","53","nonprod","1-39,80.","[40]",39,39,39,40,NA,NA,"40",""
"7","infinity-007","43","prod","1-29,40.","[30],31-39,[40],41-49,[50],51-59,[60],61-69,[70],71-79,[80],81-89,[90]",29,89,29,30,NA,NA,"30,40,50,60,70,80,90",""
"8","infinity-007","43","prod","1-29,40.","[30],31-39,[40],41-49,[50],51-59,[60],61-69,[70],71-79,[80],81-89,[90]",29,89,29,40,NA,NA,"30,40,50,60,70,80,90",""
"9","infinity-007","43","prod","1-29,40.","[30],31-39,[40],41-49,[50],51-59,[60],61-69,[70],71-79,[80],81-89,[90]",29,89,29,50,NA,NA,"30,40,50,60,70,80,90",""
"10","infinity-007","43","prod","1-29,40.","[30],31-39,[40],41-49,[50],51-59,[60],61-69,[70],71-79,[80],81-89,[90]",29,89,29,60,NA,NA,"30,40,50,60,70,80,90",""
"11","infinity-007","43","prod","1-29,40.","[30],31-39,[40],41-49,[50],51-59,[60],61-69,[70],71-79,[80],81-89,[90]",29,89,29,70,NA,NA,"30,40,50,60,70,80,90",""
"12","infinity-007","43","prod","1-29,40.","[30],31-39,[40],41-49,[50],51-59,[60],61-69,[70],71-79,[80],81-89,[90]",29,89,29,80,NA,NA,"30,40,50,60,70,80,90",""
"13","infinity-007","43","prod","1-29,40.","[30],31-39,[40],41-49,[50],51-59,[60],61-69,[70],71-79,[80],81-89,[90]",29,89,29,90,NA,NA,"30,40,50,60,70,80,90",""
"14","infinity-008","36","nonprod","1-26,29,22-38.",NA,26,38,NA,NA,NA,NA,NA,""
"15","infinity-012","59","prod","1-39,50-109,a billion, a billion and one-, a billion and two, a billion and three, a billion and four, a billion and five, a billion and six, a billion and seven, a billion and eight, a billion and nine, a jillion. [37,38,39],40-55",NA,39,99,NA,NA,40,49,NA,""
"16","infinity-014","42","prod","1-29, twenty-ten","[30],31-39,[40],41-49,[50],idk",29,49,29,30,NA,NA,"30,40,50",""
"17","infinity-014","42","prod","1-29, twenty-ten","[30],31-39,[40],41-49,[50],idk",29,49,29,40,NA,NA,"30,40,50",""
"18","infinity-014","42","prod","1-29, twenty-ten","[30],31-39,[40],41-49,[50],idk",29,49,29,50,NA,NA,"30,40,50",""
"19","infinity-017","13","nonprod","1-13,16,17,25, 65",NA,13,13,NA,NA,NA,NA,NA,""
"20","infinity-018","88","nonprod","1-77,107",NA,77,77,NA,NA,NA,NA,NA,""
"21","infinity-019","92","prod","1-110.",NA,99,99,NA,NA,NA,NA,NA,""
"22","infinity-020","61","nonprod","1-40.",NA,40,40,NA,NA,NA,NA,NA,""
"23","infinity-021","93","prod","1-100.",NA,99,99,NA,NA,NA,NA,NA,""
"24","infinity-022","94","prod","1-110.",NA,99,99,NA,NA,NA,NA,NA,""
"25","infinity-024","21","nonprod","1-14,16,11,11teen,19,21-24,27,29teen.",NA,14,24,NA,NA,15,15,NA,""
"26","infinity-024","21","nonprod","1-14,16,11,11teen,19,21-24,27,29teen.",NA,14,24,NA,NA,17,18,NA,""
"27","infinity-024","21","nonprod","1-14,16,11,11teen,19,21-24,27,29teen.",NA,14,24,NA,NA,20,20,NA,""
"28","infinity-026","37","nonprod","1-28,39,30-38",NA,28,38,NA,NA,29,29,NA,""
"29","infinity-027","77","nonprod","1-50,14,50,60.",NA,50,50,NA,NA,NA,NA,NA,""
"30","infinity-028","29","nonprod","1-18.",NA,18,18,NA,NA,NA,NA,NA,""
"31","infinity-029","62","nonprod","1-14,14-40",NA,40,40,NA,NA,NA,NA,NA,""
"32","infinity-030","95","prod","1-99.","[100]",99,99,NA,NA,NA,NA,NA,""
"33","infinity-031","20","nonprod","1-14,16,13,18-20.",NA,14,20,NA,NA,15,15,NA,""
"34","infinity-031","20","nonprod","1-14,16,13,18-20.",NA,14,20,NA,NA,17,17,NA,""
"35","infinity-033","5","nonprod","1-8,18-29;1-10",NA,10,29,NA,NA,11,17,NA,"experimenter error did not provide decade"
"36","infinity-034","66","prod","1-39,90-101; (second attempt)1-49","[50],51-59,[60],61-69,[70],71-79,[80],81-89,[90],91-109,[110]",49,99,49,50,NA,NA,"50,60,70,80,90",""
"37","infinity-034","66","prod","1-39,90-101; (second attempt)1-49","[50],51-59,[60],61-69,[70],71-79,[80],81-89,[90],91-109,[110]",49,99,49,60,NA,NA,"50,60,70,80,90",""
"38","infinity-034","66","prod","1-39,90-101; (second attempt)1-49","[50],51-59,[60],61-69,[70],71-79,[80],81-89,[90],91-109,[110]",49,99,49,70,NA,NA,"50,60,70,80,90",""
"39","infinity-034","66","prod","1-39,90-101; (second attempt)1-49","[50],51-59,[60],61-69,[70],71-79,[80],81-89,[90],91-109,[110]",49,99,49,80,NA,NA,"50,60,70,80,90",""
"40","infinity-034","66","prod","1-39,90-101; (second attempt)1-49","[50],51-59,[60],61-69,[70],71-79,[80],81-89,[90],91-109,[110]",49,99,49,90,NA,NA,"50,60,70,80,90",""
"41","infinity-035","96","prod","1-109,100.",NA,99,99,NA,NA,NA,NA,NA,""
"42","infinity-036","78","prod","1-54,56-94,96,97-100,110",NA,54,99,NA,NA,55,55,NA,""
"43","infinity-036","78","prod","1-54,56-94,96,97-100,110",NA,54,99,NA,NA,95,95,NA,""
"44","infinity-037","10","nonprod","1-12,14,14-18,21-59,40-46,37,50-59,30","[60], no, [What if I count 58, 59, 60], no.",12,59,NA,NA,13,13,NA,""
"45","infinity-037","10","nonprod","1-12,14,14-18,21-59,40-46,37,50-59,30","[60], no, [What if I count 58, 59, 60], no.",12,59,NA,NA,19,20,NA,""
"46","infinity-040","41","nonprod","1-29,twenty ten","[30],31-39,[40],50",29,39,29,30,NA,NA,"30,40",""
"47","infinity-040","41","nonprod","1-29,twenty ten","[30],31-39,[40],50",29,39,29,40,NA,NA,"30,40",""
"48","infinity-041","9","nonprod","1-12,14-15,17-19,40-49","[40],41-49,[do you know what's after 49?] ya. [Why aren't we outside? [so if I tell you that after 49 comes 50..] 51-59 [Do you know what comes after 59?] yeah. Well I saw a bird. [so what if I tell you after 59 comes 60?] 61-69 [So you do you know what comes after 69?] .. [70] 71-79 [What comes after 79? If I told you that 80 comes after 79. 79, 80..] 80. 81-89. [89, do you know what comes after 89? 90 comes after 89]. 91-98, [What comes after? do you know what comes after 98?]",12,49,NA,NA,13,13,NA,""
"49","infinity-041","9","nonprod","1-12,14-15,17-19,40-49","[40],41-49,[do you know what's after 49?] ya. [Why aren't we outside? [so if I tell you that after 49 comes 50..] 51-59 [Do you know what comes after 59?] yeah. Well I saw a bird. [so what if I tell you after 59 comes 60?] 61-69 [So you do you know what comes after 69?] .. [70] 71-79 [What comes after 79? If I told you that 80 comes after 79. 79, 80..] 80. 81-89. [89, do you know what comes after 89? 90 comes after 89]. 91-98, [What comes after? do you know what comes after 98?]",12,49,NA,NA,16,16,NA,""
"50","infinity-041","9","nonprod","1-12,14-15,17-19,40-49","[40],41-49,[do you know what's after 49?] ya. [Why aren't we outside? [so if I tell you that after 49 comes 50..] 51-59 [Do you know what comes after 59?] yeah. Well I saw a bird. [so what if I tell you after 59 comes 60?] 61-69 [So you do you know what comes after 69?] .. [70] 71-79 [What comes after 79? If I told you that 80 comes after 79. 79, 80..] 80. 81-89. [89, do you know what comes after 89? 90 comes after 89]. 91-98, [What comes after? do you know what comes after 98?]",12,49,NA,NA,20,39,NA,""
"51","infinity-042","14","nonprod","1-13,16.",NA,13,13,NA,NA,NA,NA,NA,""
"52","infinity-045","97","prod","1-120",NA,99,99,NA,NA,NA,NA,NA,""
"53","infinity-046","98","prod","1-150",NA,99,99,NA,NA,NA,NA,NA,""
"54","infinity-048","85","prod","1-65,69-89,91-100.",NA,65,99,NA,NA,66,68,NA,""
"55","infinity-048","85","prod","1-65,69-89,91-100.",NA,65,99,NA,NA,90,90,NA,""
"56","infinity-049","30","nonprod","1-19.","[20],24-29,22,[30],idk",19,29,19,20,21,23,"20,30",""
"57","infinity-049","30","nonprod","1-19.","[20],24-29,22,[30],idk",19,29,19,30,NA,NA,"20,30",""
"58","infinity-052","2","nonprod","1-5,4,3,2,1,1-6",NA,6,6,NA,NA,NA,NA,NA,""
"59","infinity-053","7","nonprod","1-12.",NA,12,12,NA,NA,NA,NA,NA,""
"60","infinity-054","4","nonprod","1-10,9",NA,10,10,NA,NA,NA,NA,NA,""
"61","infinity-055","99","prod","1-30,31-69,30,no,70,71-86,85,86,87-100,102",NA,99,99,NA,NA,NA,NA,NA,""
"62","infinity-056","100","prod","1-20,21-59,90,no,[59]60-100,101,102,103-119",NA,99,99,NA,NA,NA,NA,NA,""
"63","infinity-057","87","prod","1-76,79,[75,76],77-100,101-109,1 million",NA,76,99,NA,NA,77,77,NA,""
"64","infinity-058","101","prod","1-109","[110],111-120",99,99,NA,NA,NA,NA,NA,""
"65","infinity-059","55","prod","1-39.","[40]41-49[50]51-59[60]61-64,67-69[70]71-79[80]81-89[90]91-99[100]101-113,116-119,20,21",39,99,39,40,65,66,"40,50,60,70,80,90",""
"66","infinity-059","55","prod","1-39.","[40]41-49[50]51-59[60]61-64,67-69[70]71-79[80]81-89[90]91-99[100]101-113,116-119,20,21",39,99,39,50,NA,NA,"40,50,60,70,80,90",""
"67","infinity-059","55","prod","1-39.","[40]41-49[50]51-59[60]61-64,67-69[70]71-79[80]81-89[90]91-99[100]101-113,116-119,20,21",39,99,39,60,NA,NA,"40,50,60,70,80,90",""
"68","infinity-059","55","prod","1-39.","[40]41-49[50]51-59[60]61-64,67-69[70]71-79[80]81-89[90]91-99[100]101-113,116-119,20,21",39,99,39,70,NA,NA,"40,50,60,70,80,90",""
"69","infinity-059","55","prod","1-39.","[40]41-49[50]51-59[60]61-64,67-69[70]71-79[80]81-89[90]91-99[100]101-113,116-119,20,21",39,99,39,80,NA,NA,"40,50,60,70,80,90",""
"70","infinity-059","55","prod","1-39.","[40]41-49[50]51-59[60]61-64,67-69[70]71-79[80]81-89[90]91-99[100]101-113,116-119,20,21",39,99,39,90,NA,NA,"40,50,60,70,80,90",""
"71","infinity-062","31","nonprod","1-19,21-24,26-29,89,87,84,81,82,85,89,87,89,71-74,76,79,78,79,79,77,89,87,86,88,89,89,86,11,12","[30],31-39,30-20,[40],49,46,47,48,47,46,48,47,44,49,49,46,46,47,47,48,48,34,33,36,37,38,39,36-38,34-35,38,36,33,34",19,29,NA,NA,20,20,NA,""
"72","infinity-062","31","nonprod","1-19,21-24,26-29,89,87,84,81,82,85,89,87,89,71-74,76,79,78,79,79,77,89,87,86,88,89,89,86,11,12","[30],31-39,30-20,[40],49,46,47,48,47,46,48,47,44,49,49,46,46,47,47,48,48,34,33,36,37,38,39,36-38,34-35,38,36,33,34",19,29,NA,NA,25,25,NA,""
"73","infinity-066","24","nonprod","1-15,17-20,40,how about 30,79",NA,15,20,NA,NA,16,16,NA,""
"74","infinity-067","32","nonprod","1-20,twenty-11,-twenty-15",NA,20,20,NA,NA,NA,NA,NA,""
"75","infinity-068","56","prod","1-39,20","[40],41-49,[50],51-59,[60],61-69,[70],71-79,[80],81-89,[90],91-99,[100],101-109,[110]",39,99,39,40,NA,NA,"40,50,60,70,80,90",""
"76","infinity-068","56","prod","1-39,20","[40],41-49,[50],51-59,[60],61-69,[70],71-79,[80],81-89,[90],91-99,[100],101-109,[110]",39,99,39,50,NA,NA,"40,50,60,70,80,90",""
"77","infinity-068","56","prod","1-39,20","[40],41-49,[50],51-59,[60],61-69,[70],71-79,[80],81-89,[90],91-99,[100],101-109,[110]",39,99,39,60,NA,NA,"40,50,60,70,80,90",""
"78","infinity-068","56","prod","1-39,20","[40],41-49,[50],51-59,[60],61-69,[70],71-79,[80],81-89,[90],91-99,[100],101-109,[110]",39,99,39,70,NA,NA,"40,50,60,70,80,90",""
"79","infinity-068","56","prod","1-39,20","[40],41-49,[50],51-59,[60],61-69,[70],71-79,[80],81-89,[90],91-99,[100],101-109,[110]",39,99,39,80,NA,NA,"40,50,60,70,80,90",""
"80","infinity-068","56","prod","1-39,20","[40],41-49,[50],51-59,[60],61-69,[70],71-79,[80],81-89,[90],91-99,[100],101-109,[110]",39,99,39,90,NA,NA,"40,50,60,70,80,90",""
"81","infinity-070","52","nonprod","1-38.",NA,38,38,NA,NA,NA,NA,NA,""
"82","infinity-071","54","nonprod","1-39, thirty ten","[40] IDK",39,39,39,40,NA,NA,"40",""
"83","infinity-073","26","nonprod","1-15, 17-19. 21-25, 28-29, 98, 45, 30-35, 38, 39, 90, 98, 69, 40","[30], 39",15,35,NA,NA,16,16,NA,""
"84","infinity-073","26","nonprod","1-15, 17-19. 21-25, 28-29, 98, 45, 30-35, 38, 39, 90, 98, 69, 40","[30], 39",15,35,NA,NA,20,20,NA,""
"85","infinity-073","26","nonprod","1-15, 17-19. 21-25, 28-29, 98, 45, 30-35, 38, 39, 90, 98, 69, 40","[30], 39",15,35,NA,NA,26,27,NA,""
"86","infinity-074","16","nonprod","1-14,16-21,2,3,4,5[20,21]22-29","[30]idk",14,29,29,30,15,15,"30",""
"87","infinity-075","44","prod","1-29,80,81[experimenter stopped]","[30]31-90,92-99,80[100]idk",29,99,29,30,91,91,"30",""
"88","infinity-076","86","prod","1-69.","[70]71-79[80]81-89[90]91-109, I don't remember [108,109]110-114,116,115-119, I forget",69,99,69,70,NA,NA,"70,80,90",""
"89","infinity-076","86","prod","1-69.","[70]71-79[80]81-89[90]91-109, I don't remember [108,109]110-114,116,115-119, I forget",69,99,69,80,NA,NA,"70,80,90",""
"90","infinity-076","86","prod","1-69.","[70]71-79[80]81-89[90]91-109, I don't remember [108,109]110-114,116,115-119, I forget",69,99,69,90,NA,NA,"70,80,90",""
"91","infinity-077","19","prod","1-14,16-29","[30]31-39[40]41-49,100[50]558,59,57,58",14,49,29,30,15,15,"30,40,50",""
"92","infinity-077","19","prod","1-14,16-29","[30]31-39[40]41-49,100[50]558,59,57,58",14,49,29,40,NA,NA,"30,40,50",""
"93","infinity-077","19","prod","1-14,16-29","[30]31-39[40]41-49,100[50]558,59,57,58",14,49,29,50,NA,NA,"30,40,50",""
"94","infinity-078","49","prod","1-30,41-59","[60]61-69,50[70]71-79,70[80]81-89[90]91-99[100]",30,99,59,60,31,40,"60,70,80,90",""
"95","infinity-078","49","prod","1-30,41-59","[60]61-69,50[70]71-79,70[80]81-89[90]91-99[100]",30,99,59,70,NA,NA,"60,70,80,90",""
"96","infinity-078","49","prod","1-30,41-59","[60]61-69,50[70]71-79,70[80]81-89[90]91-99[100]",30,99,59,80,NA,NA,"60,70,80,90",""
"97","infinity-078","49","prod","1-30,41-59","[60]61-69,50[70]71-79,70[80]81-89[90]91-99[100]",30,99,59,90,NA,NA,"60,70,80,90",""
"98","infinity-079","8","nonprod","1-12,14,16,17-29,40","[30],21,22-29,20-30,40,[30],31-38,29,[30]",12,29,NA,NA,13,13,NA,""
"99","infinity-079","8","nonprod","1-12,14,16,17-29,40","[30],21,22-29,20-30,40,[30],31-38,29,[30]",12,29,NA,NA,15,15,NA,""
"100","infinity-080","51","nonprod","1-36,39","[40],41-44",36,44,39,40,37,38,"40",""
"101","infinity-081","50","prod","1-33,44-49,40-49,40,10","[50],51-59,[60],61-69,[70],71-75,77-79,[80]",33,79,49,50,34,43,"50,60,70,80",""
"102","infinity-081","50","prod","1-33,44-49,40-49,40,10","[50],51-59,[60],61-69,[70],71-75,77-79,[80]",33,79,49,60,76,76,"50,60,70,80",""
"103","infinity-081","50","prod","1-33,44-49,40-49,40,10","[50],51-59,[60],61-69,[70],71-75,77-79,[80]",33,79,49,70,NA,NA,"50,60,70,80",""
"104","infinity-081","50","prod","1-33,44-49,40-49,40,10","[50],51-59,[60],61-69,[70],71-75,77-79,[80]",33,79,49,80,NA,NA,"50,60,70,80",""
"105","infinity-084","89","prod","1-77,79-87,89-100,idk",NA,77,99,NA,NA,78,78,NA,""
"106","infinity-084","89","prod","1-77,79-87,89-100,idk",NA,77,99,NA,NA,88,88,NA,""
"107","infinity-085","46","prod","1-29,40-49,44-49,40,42-49,40","[50]51-59,58,59,58,59[60]61-65,68,69[70]71-75,73,74,76-79[80]81-89[90]idk",29,89,49,50,30,39,"50,60,70,80,90",""
"108","infinity-085","46","prod","1-29,40-49,44-49,40,42-49,40","[50]51-59,58,59,58,59[60]61-65,68,69[70]71-75,73,74,76-79[80]81-89[90]idk",29,89,49,60,66,67,"50,60,70,80,90",""
"109","infinity-085","46","prod","1-29,40-49,44-49,40,42-49,40","[50]51-59,58,59,58,59[60]61-65,68,69[70]71-75,73,74,76-79[80]81-89[90]idk",29,89,49,70,NA,NA,"50,60,70,80,90",""
"110","infinity-085","46","prod","1-29,40-49,44-49,40,42-49,40","[50]51-59,58,59,58,59[60]61-65,68,69[70]71-75,73,74,76-79[80]81-89[90]idk",29,89,49,80,NA,NA,"50,60,70,80,90",""
"111","infinity-085","46","prod","1-29,40-49,44-49,40,42-49,40","[50]51-59,58,59,58,59[60]61-65,68,69[70]71-75,73,74,76-79[80]81-89[90]idk",29,89,49,90,NA,NA,"50,60,70,80,90",""
"112","infinity-086","67","prod","1--49","[50]-59, [60]-69, [70]-79, [80]-89, [90]-99, [100]-109, [110]-113",49,99,49,50,NA,NA,"50,60,70,80,90",""
"113","infinity-086","67","prod","1--49","[50]-59, [60]-69, [70]-79, [80]-89, [90]-99, [100]-109, [110]-113",49,99,49,60,NA,NA,"50,60,70,80,90",""
"114","infinity-086","67","prod","1--49","[50]-59, [60]-69, [70]-79, [80]-89, [90]-99, [100]-109, [110]-113",49,99,49,70,NA,NA,"50,60,70,80,90",""
"115","infinity-086","67","prod","1--49","[50]-59, [60]-69, [70]-79, [80]-89, [90]-99, [100]-109, [110]-113",49,99,49,80,NA,NA,"50,60,70,80,90",""
"116","infinity-086","67","prod","1--49","[50]-59, [60]-69, [70]-79, [80]-89, [90]-99, [100]-109, [110]-113",49,99,49,90,NA,NA,"50,60,70,80,90",""
"117","infinity-087","102","prod","1-100","[101] NR",99,99,NA,NA,NA,NA,NA,""
"118","infinity-088","38","nonprod","1-29,21,22,11","[30],22",29,29,29,30,NA,NA,"30",""
"119","infinity-090","3","nonprod","1-9,7,8,11",NA,9,9,NA,NA,NA,NA,NA,""
"120","infinity-092","17","nonprod","1-14,16-29,twenty-ten, 16","[30],21-27,29,22",14,29,29,30,15,15,"30",""
"121","infinity-096","103","prod","1-67,66-109,pause,110-120",NA,99,99,NA,NA,NA,NA,NA,""
"122","infinity-097","22","nonprod","1-14,16,28,29,26-29,30,32-34,25-29,26","[30],31,32,32,34-39,37,[40],idk",14,34,NA,NA,15,15,NA,""
"123","infinity-097","22","nonprod","1-14,16,28,29,26-29,30,32-34,25-29,26","[30],31,32,32,34-39,37,[40],idk",14,34,NA,NA,17,24,NA,""
"124","infinity-097","22","nonprod","1-14,16,28,29,26-29,30,32-34,25-29,26","[30],31,32,32,34-39,37,[40],idk",14,34,NA,NA,31,31,NA,""
"125","infinity-098","18","nonprod","1-14,16-29,28,26-29,26-29,20","[30],40,16-29,[30]",14,29,29,30,15,15,"30",""
"126","infinity-099","27","nonprod","1-16,19,20,29,24,23,21,25",NA,16,16,NA,NA,NA,NA,NA,""
"127","infinity-100","81","prod","1-59.","[60]61-79[80]81-89[90]91-99[100]",59,99,59,60,NA,NA,"60,80,90",""
"128","infinity-100","81","prod","1-59.","[60]61-79[80]81-89[90]91-99[100]",59,99,59,80,NA,NA,"60,80,90",""
"129","infinity-100","81","prod","1-59.","[60]61-79[80]81-89[90]91-99[100]",59,99,59,90,NA,NA,"60,80,90",""
"130","infinity-101","57","prod","1-39,50.","[40]41-49, 80?[50]51-59,30?[60]61-69[70]71-79[Mom asked, what comes after 7?]8. 80,88,81-120.",39,99,39,40,NA,NA,"40,50,60,70",""
"131","infinity-101","57","prod","1-39,50.","[40]41-49, 80?[50]51-59,30?[60]61-69[70]71-79[Mom asked, what comes after 7?]8. 80,88,81-120.",39,99,39,50,NA,NA,"40,50,60,70",""
"132","infinity-101","57","prod","1-39,50.","[40]41-49, 80?[50]51-59,30?[60]61-69[70]71-79[Mom asked, what comes after 7?]8. 80,88,81-120.",39,99,39,60,NA,NA,"40,50,60,70",""
"133","infinity-101","57","prod","1-39,50.","[40]41-49, 80?[50]51-59,30?[60]61-69[70]71-79[Mom asked, what comes after 7?]8. 80,88,81-120.",39,99,39,70,NA,NA,"40,50,60,70",""
"134","infinity-103","83","prod","1-63,65-83,88-93,100-109,111,112",NA,63,99,NA,NA,64,64,NA,""
"135","infinity-103","83","prod","1-63,65-83,88-93,100-109,111,112",NA,63,99,NA,NA,84,87,NA,""
"136","infinity-103","83","prod","1-63,65-83,88-93,100-109,111,112",NA,63,99,NA,NA,94,99,NA,""
"137","infinity-105","104","prod","1-120 (could keep going)",NA,99,99,NA,NA,NA,NA,NA,""
"138","infinity-106","105","prod","1-109,big pause,110-120[experimenter stopped]",NA,99,99,NA,NA,NA,NA,NA,""
"139","infinity-107","68","prod","1-49,11","[50]51-59,30[60]61-65,67-69,30[70]71-77,79,what's next[80]81-89,30[90]91-94,99,[100]101-109,130[110]130",49,99,49,50,66,66,"50,60,70,80,90",""
"140","infinity-107","68","prod","1-49,11","[50]51-59,30[60]61-65,67-69,30[70]71-77,79,what's next[80]81-89,30[90]91-94,99,[100]101-109,130[110]130",49,99,49,60,78,78,"50,60,70,80,90",""
"141","infinity-107","68","prod","1-49,11","[50]51-59,30[60]61-65,67-69,30[70]71-77,79,what's next[80]81-89,30[90]91-94,99,[100]101-109,130[110]130",49,99,49,70,95,98,"50,60,70,80,90",""
"142","infinity-107","68","prod","1-49,11","[50]51-59,30[60]61-65,67-69,30[70]71-77,79,what's next[80]81-89,30[90]91-94,99,[100]101-109,130[110]130",49,99,49,80,NA,NA,"50,60,70,80,90",""
"143","infinity-107","68","prod","1-49,11","[50]51-59,30[60]61-65,67-69,30[70]71-77,79,what's next[80]81-89,30[90]91-94,99,[100]101-109,130[110]130",49,99,49,90,NA,NA,"50,60,70,80,90",""
"144","infinity-108","39","nonprod","1-29,18,19,20[29],30,40,50,16-29","[30]11",29,29,29,30,NA,NA,"30",""
"145","infinity-109","40","nonprod","1-29,28,27","[30]",29,29,29,30,NA,NA,"30",""
"146","infinity-110","69","prod","1-34,35,36,37-40[38,39,40]41-49","[50]51-59,40,[60]61-69,80[70]71-87,86,89[90]91-99",49,99,49,50,88,88,"50,60,70,90",""
"147","infinity-110","69","prod","1-34,35,36,37-40[38,39,40]41-49","[50]51-59,40,[60]61-69,80[70]71-87,86,89[90]91-99",49,99,49,60,NA,NA,"50,60,70,90",""
"148","infinity-110","69","prod","1-34,35,36,37-40[38,39,40]41-49","[50]51-59,40,[60]61-69,80[70]71-87,86,89[90]91-99",49,99,49,70,NA,NA,"50,60,70,90",""
"149","infinity-110","69","prod","1-34,35,36,37-40[38,39,40]41-49","[50]51-59,40,[60]61-69,80[70]71-87,86,89[90]91-99",49,99,49,90,NA,NA,"50,60,70,90",""
"150","infinity-111","47","prod","1-29,40-49","[50]51-59[60]61-79,90[80]81-110",29,99,49,50,30,39,"50,60,80",""
"151","infinity-111","47","prod","1-29,40-49","[50]51-59[60]61-79,90[80]81-110",29,99,49,60,NA,NA,"50,60,80",""
"152","infinity-111","47","prod","1-29,40-49","[50]51-59[60]61-79,90[80]81-110",29,99,49,80,NA,NA,"50,60,80",""
"153","infinity-112","106","prod","1-120",NA,99,99,NA,NA,NA,NA,NA,""
"154","infinity-113","107","prod","1-109, ten hundred",NA,99,99,NA,NA,NA,NA,NA,""
"155","infinity-114","45","prod","1-29,50.","[30]31-109.",29,99,29,30,NA,NA,"30",""
"156","infinity-115","108","prod","1-100,a thousand one [100] 101-109,100",NA,99,99,NA,NA,NA,NA,NA,""
"157","infinity-116","28","nonprod","1-16.",NA,16,16,NA,NA,NA,NA,NA,""
"158","infinity-117","23","nonprod","1-14,16-34,45-65,67-80,90,91-100",NA,14,99,NA,NA,15,15,NA,""
"159","infinity-117","23","nonprod","1-14,16-34,45-65,67-80,90,91-100",NA,14,99,NA,NA,35,44,NA,""
"160","infinity-117","23","nonprod","1-14,16-34,45-65,67-80,90,91-100",NA,14,99,NA,NA,66,66,NA,""
"161","infinity-117","23","nonprod","1-14,16-34,45-65,67-80,90,91-100",NA,14,99,NA,NA,81,89,NA,""
"162","infinity-118","109","prod","1-110, no more",NA,99,99,NA,NA,NA,NA,NA,""
"163","infinity-119","70","prod","1-49,idk","[50]51-59[60]61-79[80]81-89[90]91-99[100]101-109.",49,99,49,50,NA,NA,"50,60,80,90",""
"164","infinity-119","70","prod","1-49,idk","[50]51-59[60]61-79[80]81-89[90]91-99[100]101-109.",49,99,49,60,NA,NA,"50,60,80,90",""
"165","infinity-119","70","prod","1-49,idk","[50]51-59[60]61-79[80]81-89[90]91-99[100]101-109.",49,99,49,80,NA,NA,"50,60,80,90",""
"166","infinity-119","70","prod","1-49,idk","[50]51-59[60]61-79[80]81-89[90]91-99[100]101-109.",49,99,49,90,NA,NA,"50,60,80,90",""
"167","infinity-120","48","prod","1-8, I'm not really good, 1-29,40-49,30-39,50-59,40-49,60-69","[70]71-79[80]81-89,50,[90]91-109,50",29,99,69,70,30,39,"70,80,90",""
"168","infinity-120","48","prod","1-8, I'm not really good, 1-29,40-49,30-39,50-59,40-49,60-69","[70]71-79[80]81-89,50,[90]91-109,50",29,99,69,80,NA,NA,"70,80,90",""
"169","infinity-120","48","prod","1-8, I'm not really good, 1-29,40-49,30-39,50-59,40-49,60-69","[70]71-79[80]81-89,50,[90]91-109,50",29,99,69,90,NA,NA,"70,80,90",""
"170","infinity-121","60","prod","1-40,50-59,30","[60]61-69[70]71-77",40,77,59,60,41,49,"60,70",""
"171","infinity-121","60","prod","1-40,50-59,30","[60]61-69[70]71-77",40,77,59,70,NA,NA,"60,70",""
"172","infinity-122","65","prod","1-29,40-48(prompt 25,26,27)28-44,49,80","[50]51-59[60]61-69[70].",49,69,49,50,NA,NA,"50,60,70",""
"173","infinity-122","65","prod","1-29,40-48(prompt 25,26,27)28-44,49,80","[50]51-59[60]61-69[70].",49,69,49,60,NA,NA,"50,60,70",""
"174","infinity-122","65","prod","1-29,40-48(prompt 25,26,27)28-44,49,80","[50]51-59[60]61-69[70].",49,69,49,70,NA,NA,"50,60,70",""
"175","infinity-123","76","prod","1-49,60-69.","[70]71-89,20,[90]91-99[100]101-109,can't remember",49,99,69,70,50,59,"70,90",""
"176","infinity-123","76","prod","1-49,60-69.","[70]71-89,20,[90]91-99[100]101-109,can't remember",49,99,69,90,NA,NA,"70,90",""
"177","infinity-124","34","prod","1-22,24-94,96-100",NA,22,99,NA,NA,23,23,NA,""
"178","infinity-124","34","prod","1-22,24-94,96-100",NA,22,99,NA,NA,95,95,NA,""
"179","infinity-125","71","prod","1-37,34,[37]38-49","[50]51-59[60]61-69[70]71-79[80]81-89[90]91-99[100]idk",49,99,49,50,NA,NA,"50,60,70,80,90",""
"180","infinity-125","71","prod","1-37,34,[37]38-49","[50]51-59[60]61-69[70]71-79[80]81-89[90]91-99[100]idk",49,99,49,60,NA,NA,"50,60,70,80,90",""
"181","infinity-125","71","prod","1-37,34,[37]38-49","[50]51-59[60]61-69[70]71-79[80]81-89[90]91-99[100]idk",49,99,49,70,NA,NA,"50,60,70,80,90",""
"182","infinity-125","71","prod","1-37,34,[37]38-49","[50]51-59[60]61-69[70]71-79[80]81-89[90]91-99[100]idk",49,99,49,80,NA,NA,"50,60,70,80,90",""
"183","infinity-125","71","prod","1-37,34,[37]38-49","[50]51-59[60]61-69[70]71-79[80]81-89[90]91-99[100]idk",49,99,49,90,NA,NA,"50,60,70,80,90",""
"184","infinity-126","11","nonprod","1-13,16-19","[20],40,idk",13,19,19,20,14,15,"20",""
"185","infinity-127","110","prod","1-109,101-109,200-209,300-309,end",NA,99,99,NA,NA,NA,NA,NA,""
"186","infinity-128","111","prod","1-115,117-126,128-130",NA,99,99,NA,NA,NA,NA,NA,""
"187","infinity-129","79","prod","1-54,57,59,60-88,90-99","[100],101-109,[110],no",54,99,NA,NA,55,56,NA,""
"188","infinity-129","79","prod","1-54,57,59,60-88,90-99","[100],101-109,[110],no",54,99,NA,NA,58,58,NA,""
"189","infinity-129","79","prod","1-54,57,59,60-88,90-99","[100],101-109,[110],no",54,99,NA,NA,89,89,NA,""
"190","infinity-130","6","nonprod","1-12,15,14,16-39,100 [prompt] 10-29,100","[40],41-49,[50],60,70,80,90,I forget",12,49,39,40,13,14,"40,50",""
"191","infinity-130","6","nonprod","1-12,15,14,16-39,100 [prompt] 10-29,100","[40],41-49,[50],60,70,80,90,I forget",12,49,39,50,NA,NA,"40,50",""
"192","infinity-131","35","nonprod","1-25,24",NA,25,25,NA,NA,NA,NA,NA,""
"193","infinity-132","58","prod","1-39 [39..] that's all I know","[40],41-59,100,[60],61-69,100,[70],71-79,100,[80],81-89,[90],91-109,50",39,99,39,40,NA,NA,"40,60,70,80,90",""
"194","infinity-132","58","prod","1-39 [39..] that's all I know","[40],41-59,100,[60],61-69,100,[70],71-79,100,[80],81-89,[90],91-109,50",39,99,39,60,NA,NA,"40,60,70,80,90",""
"195","infinity-132","58","prod","1-39 [39..] that's all I know","[40],41-59,100,[60],61-69,100,[70],71-79,100,[80],81-89,[90],91-109,50",39,99,39,70,NA,NA,"40,60,70,80,90",""
"196","infinity-132","58","prod","1-39 [39..] that's all I know","[40],41-59,100,[60],61-69,100,[70],71-79,100,[80],81-89,[90],91-109,50",39,99,39,80,NA,NA,"40,60,70,80,90",""
"197","infinity-132","58","prod","1-39 [39..] that's all I know","[40],41-59,100,[60],61-69,100,[70],71-79,100,[80],81-89,[90],91-109,50",39,99,39,90,NA,NA,"40,60,70,80,90",""
"198","infinity-133","112","prod","1-116",NA,99,99,NA,NA,NA,NA,NA,""
"199","infinity-134","113","prod","1-109,2000,2001-2009",NA,99,99,NA,NA,NA,NA,NA,""
"200","infinity-135","84","prod","1-29,28,29-65,68,69,100","69,[70],71-74,76,75-79,50,[no],80,[yes],81-89,50?[no],80?[no],90-99,50?[100],101-108,110-112,130,180",65,99,69,70,66,67,"70,80,90",""
"201","infinity-135","84","prod","1-29,28,29-65,68,69,100","69,[70],71-74,76,75-79,50,[no],80,[yes],81-89,50?[no],80?[no],90-99,50?[100],101-108,110-112,130,180",65,99,69,80,NA,NA,"70,80,90",""
"202","infinity-135","84","prod","1-29,28,29-65,68,69,100","69,[70],71-74,76,75-79,50,[no],80,[yes],81-89,50?[no],80?[no],90-99,50?[100],101-108,110-112,130,180",65,99,69,90,NA,NA,"70,80,90",""
"203","infinity-136","15","nonprod","1-13,15-19,11,21-29,twenty ten, twenty eleven, twenty twelve,[28, 29],30-39, thirty ten, thirty eleven","[39,40], no",13,39,NA,NA,14,14,NA,""
"204","infinity-136","15","nonprod","1-13,15-19,11,21-29,twenty ten, twenty eleven, twenty twelve,[28, 29],30-39, thirty ten, thirty eleven","[39,40], no",13,39,NA,NA,20,20,NA,""
"205","infinity-138","64","nonprod","1-49.","[50],100",49,49,49,50,NA,NA,"50",""
"206","infinity-140","33","nonprod","1-20,",NA,20,20,NA,NA,NA,NA,NA,""
"207","infinity-141","114","prod","1-109,1000",NA,99,99,NA,NA,NA,NA,NA,""
"208","infinity-142","63","prod","1-42,44-129",NA,42,99,NA,NA,43,43,NA,""
"209","infinity-143","115","prod","1-100, 1000",NA,99,99,NA,NA,NA,NA,NA,""
"210","infinity-144","80","nonprod","1- 58, 90",NA,58,58,NA,NA,NA,NA,NA,""
"211","infinity-145","72","prod","1- 49, 30,","[50]-69, 30, 70-89, 30, 90-119",49,99,49,50,NA,NA,"50",""
"212","infinity-146","73","prod","1-49,","[50]-69, [70]-79, [80]-109",49,99,49,50,NA,NA,"50,70,80",""
"213","infinity-146","73","prod","1-49,","[50]-69, [70]-79, [80]-109",49,99,49,70,NA,NA,"50,70,80",""
"214","infinity-146","73","prod","1-49,","[50]-69, [70]-79, [80]-109",49,99,49,80,NA,NA,"50,70,80",""
"215","infinity-147","116","prod","1-100",NA,99,99,NA,NA,NA,NA,NA,""
"216","infinity-148","117","prod","1-101",NA,99,99,NA,NA,NA,NA,NA,""
"217","infinity-149","118","prod","1-121",NA,99,99,NA,NA,NA,NA,NA,""
"218","infinity-150","119","prod","1-109",NA,99,99,NA,NA,NA,NA,NA,""
"219","infinity-151","120","prod","1-109",NA,99,99,NA,NA,NA,NA,NA,""
"220","infinity-152","74","prod","1 -- 49","[50], 51-65, 68, 67-109 [110]",49,99,49,50,NA,NA,"50",""
"221","infinity-153","121","prod","1-109",NA,99,99,NA,NA,NA,NA,NA,""
"222","infinity-154","82","prod","1 -- 59","[60],61 -109",59,99,59,60,NA,NA,"60",""
"223","infinity-155","90","prod","1--79","[80]-89, [90]-100",79,99,79,80,NA,NA,"80,90",""
"224","infinity-155","90","prod","1--79","[80]-89, [90]-100",79,99,79,90,NA,NA,"80,90",""
"225","infinity-156","75","prod","1--49","[50] -59, [60]-69, [70] - 79, [80]-89, [90]-99, [100]",49,99,49,50,NA,NA,"50,60,70,80,90",""
"226","infinity-156","75","prod","1--49","[50] -59, [60]-69, [70] - 79, [80]-89, [90]-99, [100]",49,99,49,60,NA,NA,"50,60,70,80,90",""
"227","infinity-156","75","prod","1--49","[50] -59, [60]-69, [70] - 79, [80]-89, [90]-99, [100]",49,99,49,70,NA,NA,"50,60,70,80,90",""
"228","infinity-156","75","prod","1--49","[50] -59, [60]-69, [70] - 79, [80]-89, [90]-99, [100]",49,99,49,80,NA,NA,"50,60,70,80,90",""
"229","infinity-156","75","prod","1--49","[50] -59, [60]-69, [70] - 79, [80]-89, [90]-99, [100]",49,99,49,90,NA,NA,"50,60,70,80,90",""
"230","infinity-157","122","prod","1-110",NA,99,99,NA,NA,NA,NA,NA,""
