"","prod_tomerge","spon.raw","sup.raw","ihc","fhc","dce","decadeprompt","error.start","error.end","alldecadesprompted","notes","LadlabID"
"1","nonprod","1-13,15-29,26,27","[30],9",13,29,29,30,14,14,"30","","infinity-001"
"2","prod","1-111.",NA,99,99,NA,NA,NA,NA,NA,"","infinity-002"
"3","nonprod","1-5,11,12,16,9,12,16.",NA,5,5,NA,NA,NA,NA,NA,"","infinity-003"
"4","nonprod","1-15,20-24,26-30,36,37,59.",NA,15,30,NA,NA,16,19,NA,"","infinity-004"
"5","nonprod","1-15,20-24,26-30,36,37,59.",NA,15,30,NA,NA,25,25,NA,"","infinity-004"
"6","nonprod","1-39,80.","[40]",39,39,39,40,NA,NA,"40","","infinity-006"
"7","prod","1-29,40.","[30],31-39,[40],41-49,[50],51-59,[60],61-69,[70],71-79,[80],81-89,[90]",29,89,29,30,NA,NA,"30,40,50,60,70,80,90","","infinity-007"
"8","prod","1-29,40.","[30],31-39,[40],41-49,[50],51-59,[60],61-69,[70],71-79,[80],81-89,[90]",29,89,29,40,NA,NA,"30,40,50,60,70,80,90","","infinity-007"
"9","prod","1-29,40.","[30],31-39,[40],41-49,[50],51-59,[60],61-69,[70],71-79,[80],81-89,[90]",29,89,29,50,NA,NA,"30,40,50,60,70,80,90","","infinity-007"
"10","prod","1-29,40.","[30],31-39,[40],41-49,[50],51-59,[60],61-69,[70],71-79,[80],81-89,[90]",29,89,29,60,NA,NA,"30,40,50,60,70,80,90","","infinity-007"
"11","prod","1-29,40.","[30],31-39,[40],41-49,[50],51-59,[60],61-69,[70],71-79,[80],81-89,[90]",29,89,29,70,NA,NA,"30,40,50,60,70,80,90","","infinity-007"
"12","prod","1-29,40.","[30],31-39,[40],41-49,[50],51-59,[60],61-69,[70],71-79,[80],81-89,[90]",29,89,29,80,NA,NA,"30,40,50,60,70,80,90","","infinity-007"
"13","prod","1-29,40.","[30],31-39,[40],41-49,[50],51-59,[60],61-69,[70],71-79,[80],81-89,[90]",29,89,29,90,NA,NA,"30,40,50,60,70,80,90","","infinity-007"
"14","nonprod","1-26,29,22-38.",NA,26,38,NA,NA,NA,NA,NA,"","infinity-008"
"15","nonprod","1-20.",NA,20,20,NA,NA,NA,NA,NA,"","infinity-009"
"16","prod","1-39,50-109,a billion, a billion and one-, a billion and two, a billion and three, a billion and four, a billion and five, a billion and six, a billion and seven, a billion and eight, a billion and nine, a jillion. [37,38,39],40-55",NA,39,99,NA,NA,40,49,NA,"","infinity-012"
"17","prod","1-29, twenty-ten","[30],31-39,[40],41-49,[50],idk",29,49,29,30,NA,NA,"30,40,50","","infinity-014"
"18","prod","1-29, twenty-ten","[30],31-39,[40],41-49,[50],idk",29,49,29,40,NA,NA,"30,40,50","","infinity-014"
"19","prod","1-29, twenty-ten","[30],31-39,[40],41-49,[50],idk",29,49,29,50,NA,NA,"30,40,50","","infinity-014"
"20","nonprod","1-13,16,17,25, 65",NA,13,13,NA,NA,NA,NA,NA,"","infinity-017"
"21","nonprod","1-77,107",NA,77,77,NA,NA,NA,NA,NA,"","infinity-018"
"22","prod","1-110.",NA,99,99,NA,NA,NA,NA,NA,"","infinity-019"
"23","nonprod","1-40.",NA,40,40,NA,NA,NA,NA,NA,"","infinity-020"
"24","prod","1-100.",NA,99,99,NA,NA,NA,NA,NA,"","infinity-021"
"25","prod","1-110.",NA,99,99,NA,NA,NA,NA,NA,"","infinity-022"
"26","nonprod","1-14,16,11,11teen,19,21-24,27,29teen.",NA,14,24,NA,NA,15,15,NA,"","infinity-024"
"27","nonprod","1-14,16,11,11teen,19,21-24,27,29teen.",NA,14,24,NA,NA,17,18,NA,"","infinity-024"
"28","nonprod","1-14,16,11,11teen,19,21-24,27,29teen.",NA,14,24,NA,NA,20,20,NA,"","infinity-024"
"29","nonprod","1-15,18,17,16,14,21,22,28.",NA,15,15,NA,NA,NA,NA,NA,"","infinity-025"
"30","nonprod","1-28,39,30-38",NA,28,38,NA,NA,29,29,NA,"","infinity-026"
"31","nonprod","1-50,14,50,60.",NA,50,50,NA,NA,NA,NA,NA,"","infinity-027"
"32","nonprod","1-18.",NA,18,18,NA,NA,NA,NA,NA,"","infinity-028"
"33","nonprod","1-14,14-40",NA,40,40,NA,NA,NA,NA,NA,"","infinity-029"
"34","prod","1-99.","[100]",99,99,NA,NA,NA,NA,NA,"","infinity-030"
"35","nonprod","1-14,16,13,18-20.",NA,14,20,NA,NA,15,15,NA,"","infinity-031"
"36","nonprod","1-14,16,13,18-20.",NA,14,20,NA,NA,17,17,NA,"","infinity-031"
"37","nonprod","1-10,0.",NA,10,10,NA,NA,NA,NA,NA,"","infinity-032"
"38","nonprod","1-8,18-29;1-10",NA,10,29,NA,NA,11,17,NA,"experimenter error did not provide decade","infinity-033"
"39","prod","1-39,90-101; (second attempt)1-49","[50],51-59,[60],61-69,[70],71-79,[80],81-89,[90],91-109,[110]",49,99,49,50,NA,NA,"50,60,70,80,90","","infinity-034"
"40","prod","1-39,90-101; (second attempt)1-49","[50],51-59,[60],61-69,[70],71-79,[80],81-89,[90],91-109,[110]",49,99,49,60,NA,NA,"50,60,70,80,90","","infinity-034"
"41","prod","1-39,90-101; (second attempt)1-49","[50],51-59,[60],61-69,[70],71-79,[80],81-89,[90],91-109,[110]",49,99,49,70,NA,NA,"50,60,70,80,90","","infinity-034"
"42","prod","1-39,90-101; (second attempt)1-49","[50],51-59,[60],61-69,[70],71-79,[80],81-89,[90],91-109,[110]",49,99,49,80,NA,NA,"50,60,70,80,90","","infinity-034"
"43","prod","1-39,90-101; (second attempt)1-49","[50],51-59,[60],61-69,[70],71-79,[80],81-89,[90],91-109,[110]",49,99,49,90,NA,NA,"50,60,70,80,90","","infinity-034"
"44","prod","1-109,100.",NA,99,99,NA,NA,NA,NA,NA,"","infinity-035"
"45","prod","1-54,56-94,96,97-100,110",NA,54,99,NA,NA,55,55,NA,"","infinity-036"
"46","prod","1-54,56-94,96,97-100,110",NA,54,99,NA,NA,95,95,NA,"","infinity-036"
"47","nonprod","1-12,14,14-18,21-59,40-46,37,50-59,30","[60], no, [What if I count 58, 59, 60], no.",12,59,NA,NA,13,13,NA,"","infinity-037"
"48","nonprod","1-12,14,14-18,21-59,40-46,37,50-59,30","[60], no, [What if I count 58, 59, 60], no.",12,59,NA,NA,19,20,NA,"","infinity-037"
"49","nonprod","1-29,twenty ten","[30],31-39,[40],50",29,39,29,30,NA,NA,"30,40","","infinity-040"
"50","nonprod","1-29,twenty ten","[30],31-39,[40],50",29,39,29,40,NA,NA,"30,40","","infinity-040"
"51","nonprod","1-12,14-15,17-19,40-49","[40],41-49,[do you know what's after 49?] ya. [Why aren't we outside? [so if I tell you that after 49 comes 50..] 51-59 [Do you know what comes after 59?] yeah. Well I saw a bird. [so what if I tell you after 59 comes 60?] 61-69 [So you do you know what comes after 69?] .. [70] 71-79 [What comes after 79? If I told you that 80 comes after 79. 79, 80..] 80. 81-89. [89, do you know what comes after 89? 90 comes after 89]. 91-98, [What comes after? do you know what comes after 98?]",12,49,NA,NA,13,13,NA,"","infinity-041"
"52","nonprod","1-12,14-15,17-19,40-49","[40],41-49,[do you know what's after 49?] ya. [Why aren't we outside? [so if I tell you that after 49 comes 50..] 51-59 [Do you know what comes after 59?] yeah. Well I saw a bird. [so what if I tell you after 59 comes 60?] 61-69 [So you do you know what comes after 69?] .. [70] 71-79 [What comes after 79? If I told you that 80 comes after 79. 79, 80..] 80. 81-89. [89, do you know what comes after 89? 90 comes after 89]. 91-98, [What comes after? do you know what comes after 98?]",12,49,NA,NA,16,16,NA,"","infinity-041"
"53","nonprod","1-12,14-15,17-19,40-49","[40],41-49,[do you know what's after 49?] ya. [Why aren't we outside? [so if I tell you that after 49 comes 50..] 51-59 [Do you know what comes after 59?] yeah. Well I saw a bird. [so what if I tell you after 59 comes 60?] 61-69 [So you do you know what comes after 69?] .. [70] 71-79 [What comes after 79? If I told you that 80 comes after 79. 79, 80..] 80. 81-89. [89, do you know what comes after 89? 90 comes after 89]. 91-98, [What comes after? do you know what comes after 98?]",12,49,NA,NA,20,39,NA,"","infinity-041"
"54","nonprod","1-13,16.",NA,13,13,NA,NA,NA,NA,NA,"","infinity-042"
"55","prod","1-120",NA,99,99,NA,NA,NA,NA,NA,"","infinity-045"
"56","prod","1-150",NA,99,99,NA,NA,NA,NA,NA,"","infinity-046"
"57","nonprod","1-6,8,9,4,8,45. 1-12.",NA,12,12,NA,NA,NA,NA,NA,"","infinity-047"
"58","prod","1-65,69-89,91-100.",NA,65,99,NA,NA,66,68,NA,"","infinity-048"
"59","prod","1-65,69-89,91-100.",NA,65,99,NA,NA,90,90,NA,"","infinity-048"
"60","nonprod","1-19.","[20],24-29,22,[30],idk",19,29,19,20,21,23,"20,30","","infinity-049"
"61","nonprod","1-19.","[20],24-29,22,[30],idk",19,29,19,30,NA,NA,"20,30","","infinity-049"
"62","nonprod","1-5,4,3,2,1,1-6",NA,6,6,NA,NA,NA,NA,NA,"","infinity-052"
"63","nonprod","1-12.",NA,12,12,NA,NA,NA,NA,NA,"","infinity-053"
"64","nonprod","1-10,9",NA,10,10,NA,NA,NA,NA,NA,"","infinity-054"
"65","prod","1-30,31-69,30,no,70,71-86,85,86,87-100,102",NA,99,99,NA,NA,NA,NA,NA,"","infinity-055"
"66","prod","1-20,21-59,90,no,[59]60-100,101,102,103-119",NA,99,99,NA,NA,NA,NA,NA,"","infinity-056"
"67","prod","1-76,79,[75,76],77-100,101-109,1 million",NA,76,99,NA,NA,77,77,NA,"","infinity-057"
"68","prod","1-109","[110],111-120",99,99,NA,NA,NA,NA,NA,"","infinity-058"
"69","prod","1-39.","[40]41-49[50]51-59[60]61-64,67-69[70]71-79[80]81-89[90]91-99[100]101-113,116-119,20,21",39,99,39,40,65,66,"40,50,60,70,80,90","","infinity-059"
"70","prod","1-39.","[40]41-49[50]51-59[60]61-64,67-69[70]71-79[80]81-89[90]91-99[100]101-113,116-119,20,21",39,99,39,50,NA,NA,"40,50,60,70,80,90","","infinity-059"
"71","prod","1-39.","[40]41-49[50]51-59[60]61-64,67-69[70]71-79[80]81-89[90]91-99[100]101-113,116-119,20,21",39,99,39,60,NA,NA,"40,50,60,70,80,90","","infinity-059"
"72","prod","1-39.","[40]41-49[50]51-59[60]61-64,67-69[70]71-79[80]81-89[90]91-99[100]101-113,116-119,20,21",39,99,39,70,NA,NA,"40,50,60,70,80,90","","infinity-059"
"73","prod","1-39.","[40]41-49[50]51-59[60]61-64,67-69[70]71-79[80]81-89[90]91-99[100]101-113,116-119,20,21",39,99,39,80,NA,NA,"40,50,60,70,80,90","","infinity-059"
"74","prod","1-39.","[40]41-49[50]51-59[60]61-64,67-69[70]71-79[80]81-89[90]91-99[100]101-113,116-119,20,21",39,99,39,90,NA,NA,"40,50,60,70,80,90","","infinity-059"
"75","nonprod","1-20,24-30,41-48,49,60-69,30","[70],71-79,16,[80],81-89,[90],91-99,[100]",20,69,NA,NA,21,23,NA,"","infinity-060"
"76","nonprod","1-20,24-30,41-48,49,60-69,30","[70],71-79,16,[80],81-89,[90],91-99,[100]",20,69,NA,NA,31,40,NA,"","infinity-060"
"77","nonprod","1-20,24-30,41-48,49,60-69,30","[70],71-79,16,[80],81-89,[90],91-99,[100]",20,69,NA,NA,50,59,NA,"","infinity-060"
"78","nonprod","1-19,21-24,26-29,89,87,84,81,82,85,89,87,89,71-74,76,79,78,79,79,77,89,87,86,88,89,89,86,11,12","[30],31-39,30-20,[40],49,46,47,48,47,46,48,47,44,49,49,46,46,47,47,48,48,34,33,36,37,38,39,36-38,34-35,38,36,33,34",19,29,NA,NA,20,20,NA,"","infinity-062"
"79","nonprod","1-19,21-24,26-29,89,87,84,81,82,85,89,87,89,71-74,76,79,78,79,79,77,89,87,86,88,89,89,86,11,12","[30],31-39,30-20,[40],49,46,47,48,47,46,48,47,44,49,49,46,46,47,47,48,48,34,33,36,37,38,39,36-38,34-35,38,36,33,34",19,29,NA,NA,25,25,NA,"","infinity-062"
"80","nonprod","1-15,17-20,40,how about 30,79",NA,15,20,NA,NA,16,16,NA,"","infinity-066"
"81","nonprod","1-20,twenty-11,-twenty-15",NA,20,20,NA,NA,NA,NA,NA,"","infinity-067"
"82","prod","1-39,20","[40],41-49,[50],51-59,[60],61-69,[70],71-79,[80],81-89,[90],91-99,[100],101-109,[110]",39,99,39,40,NA,NA,"40,50,60,70,80,90","","infinity-068"
"83","prod","1-39,20","[40],41-49,[50],51-59,[60],61-69,[70],71-79,[80],81-89,[90],91-99,[100],101-109,[110]",39,99,39,50,NA,NA,"40,50,60,70,80,90","","infinity-068"
"84","prod","1-39,20","[40],41-49,[50],51-59,[60],61-69,[70],71-79,[80],81-89,[90],91-99,[100],101-109,[110]",39,99,39,60,NA,NA,"40,50,60,70,80,90","","infinity-068"
"85","prod","1-39,20","[40],41-49,[50],51-59,[60],61-69,[70],71-79,[80],81-89,[90],91-99,[100],101-109,[110]",39,99,39,70,NA,NA,"40,50,60,70,80,90","","infinity-068"
"86","prod","1-39,20","[40],41-49,[50],51-59,[60],61-69,[70],71-79,[80],81-89,[90],91-99,[100],101-109,[110]",39,99,39,80,NA,NA,"40,50,60,70,80,90","","infinity-068"
"87","prod","1-39,20","[40],41-49,[50],51-59,[60],61-69,[70],71-79,[80],81-89,[90],91-99,[100],101-109,[110]",39,99,39,90,NA,NA,"40,50,60,70,80,90","","infinity-068"
"88","nonprod","1-14,17,18",NA,14,14,NA,NA,NA,NA,NA,"","infinity-069"
"89","nonprod","1-38.",NA,38,38,NA,NA,NA,NA,NA,"","infinity-070"
"90","nonprod","1-39, thirty ten","[40] IDK",39,39,39,40,NA,NA,"40","","infinity-071"
"91","nonprod","1-15, 17-19. 21-25, 28-29, 98, 45, 30-35, 38, 39, 90, 98, 69, 40","[30], 39",15,35,NA,NA,16,16,NA,"","infinity-073"
"92","nonprod","1-15, 17-19. 21-25, 28-29, 98, 45, 30-35, 38, 39, 90, 98, 69, 40","[30], 39",15,35,NA,NA,20,20,NA,"","infinity-073"
"93","nonprod","1-15, 17-19. 21-25, 28-29, 98, 45, 30-35, 38, 39, 90, 98, 69, 40","[30], 39",15,35,NA,NA,26,27,NA,"","infinity-073"
"94","nonprod","1-14,16-21,2,3,4,5[20,21]22-29","[30]idk",14,29,29,30,15,15,"30","","infinity-074"
"95","prod","1-29,80,81[experimenter stopped]","[30]31-90,92-99,80[100]idk",29,99,29,30,91,91,"30","","infinity-075"
"96","prod","1-69.","[70]71-79[80]81-89[90]91-109, I don't remember [108,109]110-114,116,115-119, I forget",69,99,69,70,NA,NA,"70,80,90","","infinity-076"
"97","prod","1-69.","[70]71-79[80]81-89[90]91-109, I don't remember [108,109]110-114,116,115-119, I forget",69,99,69,80,NA,NA,"70,80,90","","infinity-076"
"98","prod","1-69.","[70]71-79[80]81-89[90]91-109, I don't remember [108,109]110-114,116,115-119, I forget",69,99,69,90,NA,NA,"70,80,90","","infinity-076"
"99","prod","1-14,16-29","[30]31-39[40]41-49,100[50]558,59,57,58",14,49,29,30,15,15,"30,40,50","","infinity-077"
"100","prod","1-14,16-29","[30]31-39[40]41-49,100[50]558,59,57,58",14,49,29,40,NA,NA,"30,40,50","","infinity-077"
"101","prod","1-14,16-29","[30]31-39[40]41-49,100[50]558,59,57,58",14,49,29,50,NA,NA,"30,40,50","","infinity-077"
"102","prod","1-30,41-59","[60]61-69,50[70]71-79,70[80]81-89[90]91-99[100]",30,99,59,60,31,40,"60,70,80,90","","infinity-078"
"103","prod","1-30,41-59","[60]61-69,50[70]71-79,70[80]81-89[90]91-99[100]",30,99,59,70,NA,NA,"60,70,80,90","","infinity-078"
"104","prod","1-30,41-59","[60]61-69,50[70]71-79,70[80]81-89[90]91-99[100]",30,99,59,80,NA,NA,"60,70,80,90","","infinity-078"
"105","prod","1-30,41-59","[60]61-69,50[70]71-79,70[80]81-89[90]91-99[100]",30,99,59,90,NA,NA,"60,70,80,90","","infinity-078"
"106","nonprod","1-12,14,16,17-29,40","[30],21,22-29,20-30,40,[30],31-38,29,[30]",12,29,NA,NA,13,13,NA,"","infinity-079"
"107","nonprod","1-12,14,16,17-29,40","[30],21,22-29,20-30,40,[30],31-38,29,[30]",12,29,NA,NA,15,15,NA,"","infinity-079"
"108","nonprod","1-36,39","[40],41-44",36,44,39,40,37,38,"40","","infinity-080"
"109","prod","1-33,44-49,40-49,40,10","[50],51-59,[60],61-69,[70],71-75,77-79,[80]",33,79,49,50,34,43,"50,60,70,80","","infinity-081"
"110","prod","1-33,44-49,40-49,40,10","[50],51-59,[60],61-69,[70],71-75,77-79,[80]",33,79,49,60,76,76,"50,60,70,80","","infinity-081"
"111","prod","1-33,44-49,40-49,40,10","[50],51-59,[60],61-69,[70],71-75,77-79,[80]",33,79,49,70,NA,NA,"50,60,70,80","","infinity-081"
"112","prod","1-33,44-49,40-49,40,10","[50],51-59,[60],61-69,[70],71-75,77-79,[80]",33,79,49,80,NA,NA,"50,60,70,80","","infinity-081"
"113","prod","1-77,79-87,89-100,idk",NA,77,99,NA,NA,78,78,NA,"","infinity-084"
"114","prod","1-77,79-87,89-100,idk",NA,77,99,NA,NA,88,88,NA,"","infinity-084"
"115","prod","1-29,40-49,44-49,40,42-49,40","[50]51-59,58,59,58,59[60]61-65,68,69[70]71-75,73,74,76-79[80]81-89[90]idk",29,89,49,50,30,39,"50,60,70,80,90","","infinity-085"
"116","prod","1-29,40-49,44-49,40,42-49,40","[50]51-59,58,59,58,59[60]61-65,68,69[70]71-75,73,74,76-79[80]81-89[90]idk",29,89,49,60,66,67,"50,60,70,80,90","","infinity-085"
"117","prod","1-29,40-49,44-49,40,42-49,40","[50]51-59,58,59,58,59[60]61-65,68,69[70]71-75,73,74,76-79[80]81-89[90]idk",29,89,49,70,NA,NA,"50,60,70,80,90","","infinity-085"
"118","prod","1-29,40-49,44-49,40,42-49,40","[50]51-59,58,59,58,59[60]61-65,68,69[70]71-75,73,74,76-79[80]81-89[90]idk",29,89,49,80,NA,NA,"50,60,70,80,90","","infinity-085"
"119","prod","1-29,40-49,44-49,40,42-49,40","[50]51-59,58,59,58,59[60]61-65,68,69[70]71-75,73,74,76-79[80]81-89[90]idk",29,89,49,90,NA,NA,"50,60,70,80,90","","infinity-085"
"120","prod","1--49","[50]-59, [60]-69, [70]-79, [80]-89, [90]-99, [100]-109, [110]-113",49,99,49,50,NA,NA,"50,60,70,80,90","","infinity-086"
"121","prod","1--49","[50]-59, [60]-69, [70]-79, [80]-89, [90]-99, [100]-109, [110]-113",49,99,49,60,NA,NA,"50,60,70,80,90","","infinity-086"
"122","prod","1--49","[50]-59, [60]-69, [70]-79, [80]-89, [90]-99, [100]-109, [110]-113",49,99,49,70,NA,NA,"50,60,70,80,90","","infinity-086"
"123","prod","1--49","[50]-59, [60]-69, [70]-79, [80]-89, [90]-99, [100]-109, [110]-113",49,99,49,80,NA,NA,"50,60,70,80,90","","infinity-086"
"124","prod","1--49","[50]-59, [60]-69, [70]-79, [80]-89, [90]-99, [100]-109, [110]-113",49,99,49,90,NA,NA,"50,60,70,80,90","","infinity-086"
"125","prod","1-100","[101] NR",99,99,NA,NA,NA,NA,NA,"","infinity-087"
"126","nonprod","1-29,21,22,11","[30],22",29,29,29,30,NA,NA,"30","","infinity-088"
"127","nonprod","1-5,1",NA,5,5,NA,NA,NA,NA,NA,"","infinity-089"
"128","nonprod","1-9,7,8,11",NA,9,9,NA,NA,NA,NA,NA,"","infinity-090"
"129","nonprod","1-29.","29,[30]",29,29,29,30,NA,NA,"30","","infinity-091"
"130","nonprod","1-14,16-29,twenty-ten, 16","[30],21-27,29,22",14,29,29,30,15,15,"30","","infinity-092"
"131","nonprod","1-12,14,16,17,21,28,29,26","[30],35,7",12,12,NA,NA,13,13,NA,"","infinity-093"
"132","prod","1-67,66-109,pause,110-120",NA,99,99,NA,NA,NA,NA,NA,"","infinity-096"
"133","nonprod","1-14,16,28,29,26-29,30,32-34,25-29,26","[30],31,32,32,34-39,37,[40],idk",14,34,NA,NA,15,15,NA,"","infinity-097"
"134","nonprod","1-14,16,28,29,26-29,30,32-34,25-29,26","[30],31,32,32,34-39,37,[40],idk",14,34,NA,NA,17,24,NA,"","infinity-097"
"135","nonprod","1-14,16,28,29,26-29,30,32-34,25-29,26","[30],31,32,32,34-39,37,[40],idk",14,34,NA,NA,31,31,NA,"","infinity-097"
"136","nonprod","1-14,16-29,28,26-29,26-29,20","[30],40,16-29,[30]",14,29,29,30,15,15,"30","","infinity-098"
"137","nonprod","1-16,19,20,29,24,23,21,25",NA,16,16,NA,NA,NA,NA,NA,"","infinity-099"
"138","prod","1-59.","[60]61-79[80]81-89[90]91-99[100]",59,99,59,60,NA,NA,"60,80,90","","infinity-100"
"139","prod","1-59.","[60]61-79[80]81-89[90]91-99[100]",59,99,59,80,NA,NA,"60,80,90","","infinity-100"
"140","prod","1-59.","[60]61-79[80]81-89[90]91-99[100]",59,99,59,90,NA,NA,"60,80,90","","infinity-100"
"141","prod","1-39,50.","[40]41-49, 80?[50]51-59,30?[60]61-69[70]71-79[Mom asked, what comes after 7?]8. 80,88,81-120.",39,99,39,40,NA,NA,"40,50,60,70","","infinity-101"
"142","prod","1-39,50.","[40]41-49, 80?[50]51-59,30?[60]61-69[70]71-79[Mom asked, what comes after 7?]8. 80,88,81-120.",39,99,39,50,NA,NA,"40,50,60,70","","infinity-101"
"143","prod","1-39,50.","[40]41-49, 80?[50]51-59,30?[60]61-69[70]71-79[Mom asked, what comes after 7?]8. 80,88,81-120.",39,99,39,60,NA,NA,"40,50,60,70","","infinity-101"
"144","prod","1-39,50.","[40]41-49, 80?[50]51-59,30?[60]61-69[70]71-79[Mom asked, what comes after 7?]8. 80,88,81-120.",39,99,39,70,NA,NA,"40,50,60,70","","infinity-101"
"145","prod","1-63,65-83,88-93,100-109,111,112",NA,63,99,NA,NA,64,64,NA,"","infinity-103"
"146","prod","1-63,65-83,88-93,100-109,111,112",NA,63,99,NA,NA,84,87,NA,"","infinity-103"
"147","prod","1-63,65-83,88-93,100-109,111,112",NA,63,99,NA,NA,94,99,NA,"","infinity-103"
"148","prod","1-120 (could keep going)",NA,99,99,NA,NA,NA,NA,NA,"","infinity-105"
"149","prod","1-109,big pause,110-120[experimenter stopped]",NA,99,99,NA,NA,NA,NA,NA,"","infinity-106"
"150","prod","1-49,11","[50]51-59,30[60]61-65,67-69,30[70]71-77,79,what's next[80]81-89,30[90]91-94,99,[100]101-109,130[110]130",49,99,49,50,66,66,"50,60,70,80,90","","infinity-107"
"151","prod","1-49,11","[50]51-59,30[60]61-65,67-69,30[70]71-77,79,what's next[80]81-89,30[90]91-94,99,[100]101-109,130[110]130",49,99,49,60,78,78,"50,60,70,80,90","","infinity-107"
"152","prod","1-49,11","[50]51-59,30[60]61-65,67-69,30[70]71-77,79,what's next[80]81-89,30[90]91-94,99,[100]101-109,130[110]130",49,99,49,70,95,98,"50,60,70,80,90","","infinity-107"
"153","prod","1-49,11","[50]51-59,30[60]61-65,67-69,30[70]71-77,79,what's next[80]81-89,30[90]91-94,99,[100]101-109,130[110]130",49,99,49,80,NA,NA,"50,60,70,80,90","","infinity-107"
"154","prod","1-49,11","[50]51-59,30[60]61-65,67-69,30[70]71-77,79,what's next[80]81-89,30[90]91-94,99,[100]101-109,130[110]130",49,99,49,90,NA,NA,"50,60,70,80,90","","infinity-107"
"155","nonprod","1-29,18,19,20[29],30,40,50,16-29","[30]11",29,29,29,30,NA,NA,"30","","infinity-108"
"156","nonprod","1-29,28,27","[30]",29,29,29,30,NA,NA,"30","","infinity-109"
"157","prod","1-34,35,36,37-40[38,39,40]41-49","[50]51-59,40,[60]61-69,80[70]71-87,86,89[90]91-99",49,99,49,50,88,88,"50,60,70,90","","infinity-110"
"158","prod","1-34,35,36,37-40[38,39,40]41-49","[50]51-59,40,[60]61-69,80[70]71-87,86,89[90]91-99",49,99,49,60,NA,NA,"50,60,70,90","","infinity-110"
"159","prod","1-34,35,36,37-40[38,39,40]41-49","[50]51-59,40,[60]61-69,80[70]71-87,86,89[90]91-99",49,99,49,70,NA,NA,"50,60,70,90","","infinity-110"
"160","prod","1-34,35,36,37-40[38,39,40]41-49","[50]51-59,40,[60]61-69,80[70]71-87,86,89[90]91-99",49,99,49,90,NA,NA,"50,60,70,90","","infinity-110"
"161","prod","1-29,40-49","[50]51-59[60]61-79,90[80]81-110",29,99,49,50,30,39,"50,60,80","","infinity-111"
"162","prod","1-29,40-49","[50]51-59[60]61-79,90[80]81-110",29,99,49,60,NA,NA,"50,60,80","","infinity-111"
"163","prod","1-29,40-49","[50]51-59[60]61-79,90[80]81-110",29,99,49,80,NA,NA,"50,60,80","","infinity-111"
"164","prod","1-120",NA,99,99,NA,NA,NA,NA,NA,"","infinity-112"
"165","prod","1-109, ten hundred",NA,99,99,NA,NA,NA,NA,NA,"","infinity-113"
"166","prod","1-29,50.","[30]31-109.",29,99,29,30,NA,NA,"30","","infinity-114"
"167","prod","1-100,a thousand one [100] 101-109,100",NA,99,99,NA,NA,NA,NA,NA,"","infinity-115"
"168","nonprod","1-16.",NA,16,16,NA,NA,NA,NA,NA,"","infinity-116"
"169","nonprod","1-14,16-34,45-65,67-80,90,91-100",NA,14,99,NA,NA,15,15,NA,"","infinity-117"
"170","nonprod","1-14,16-34,45-65,67-80,90,91-100",NA,14,99,NA,NA,35,44,NA,"","infinity-117"
"171","nonprod","1-14,16-34,45-65,67-80,90,91-100",NA,14,99,NA,NA,66,66,NA,"","infinity-117"
"172","nonprod","1-14,16-34,45-65,67-80,90,91-100",NA,14,99,NA,NA,81,89,NA,"","infinity-117"
"173","prod","1-110, no more",NA,99,99,NA,NA,NA,NA,NA,"","infinity-118"
"174","prod","1-49,idk","[50]51-59[60]61-79[80]81-89[90]91-99[100]101-109.",49,99,49,50,NA,NA,"50,60,80,90","","infinity-119"
"175","prod","1-49,idk","[50]51-59[60]61-79[80]81-89[90]91-99[100]101-109.",49,99,49,60,NA,NA,"50,60,80,90","","infinity-119"
"176","prod","1-49,idk","[50]51-59[60]61-79[80]81-89[90]91-99[100]101-109.",49,99,49,80,NA,NA,"50,60,80,90","","infinity-119"
"177","prod","1-49,idk","[50]51-59[60]61-79[80]81-89[90]91-99[100]101-109.",49,99,49,90,NA,NA,"50,60,80,90","","infinity-119"
"178","prod","1-8, I'm not really good, 1-29,40-49,30-39,50-59,40-49,60-69","[70]71-79[80]81-89,50,[90]91-109,50",29,99,69,70,30,39,"70,80,90","","infinity-120"
"179","prod","1-8, I'm not really good, 1-29,40-49,30-39,50-59,40-49,60-69","[70]71-79[80]81-89,50,[90]91-109,50",29,99,69,80,NA,NA,"70,80,90","","infinity-120"
"180","prod","1-8, I'm not really good, 1-29,40-49,30-39,50-59,40-49,60-69","[70]71-79[80]81-89,50,[90]91-109,50",29,99,69,90,NA,NA,"70,80,90","","infinity-120"
"181","prod","1-40,50-59,30","[60]61-69[70]71-77",40,77,59,60,41,49,"60,70","","infinity-121"
"182","prod","1-40,50-59,30","[60]61-69[70]71-77",40,77,59,70,NA,NA,"60,70","","infinity-121"
"183","prod","1-29,40-48(prompt 25,26,27)28-44,49,80","[50]51-59[60]61-69[70].",49,69,49,50,NA,NA,"50,60,70","","infinity-122"
"184","prod","1-29,40-48(prompt 25,26,27)28-44,49,80","[50]51-59[60]61-69[70].",49,69,49,60,NA,NA,"50,60,70","","infinity-122"
"185","prod","1-29,40-48(prompt 25,26,27)28-44,49,80","[50]51-59[60]61-69[70].",49,69,49,70,NA,NA,"50,60,70","","infinity-122"
"186","prod","1-49,60-69.","[70]71-89,20,[90]91-99[100]101-109,can't remember",49,99,69,70,50,59,"70,90","","infinity-123"
"187","prod","1-49,60-69.","[70]71-89,20,[90]91-99[100]101-109,can't remember",49,99,69,90,NA,NA,"70,90","","infinity-123"
"188","prod","1-22,24-94,96-100",NA,22,99,NA,NA,23,23,NA,"","infinity-124"
"189","prod","1-22,24-94,96-100",NA,22,99,NA,NA,95,95,NA,"","infinity-124"
"190","prod","1-37,34,[37]38-49","[50]51-59[60]61-69[70]71-79[80]81-89[90]91-99[100]idk",49,99,49,50,NA,NA,"50,60,70,80,90","","infinity-125"
"191","prod","1-37,34,[37]38-49","[50]51-59[60]61-69[70]71-79[80]81-89[90]91-99[100]idk",49,99,49,60,NA,NA,"50,60,70,80,90","","infinity-125"
"192","prod","1-37,34,[37]38-49","[50]51-59[60]61-69[70]71-79[80]81-89[90]91-99[100]idk",49,99,49,70,NA,NA,"50,60,70,80,90","","infinity-125"
"193","prod","1-37,34,[37]38-49","[50]51-59[60]61-69[70]71-79[80]81-89[90]91-99[100]idk",49,99,49,80,NA,NA,"50,60,70,80,90","","infinity-125"
"194","prod","1-37,34,[37]38-49","[50]51-59[60]61-69[70]71-79[80]81-89[90]91-99[100]idk",49,99,49,90,NA,NA,"50,60,70,80,90","","infinity-125"
"195","nonprod","1-13,16-19","[20],40,idk",13,19,19,20,14,15,"20","","infinity-126"
"196","prod","1-109,101-109,200-209,300-309,end",NA,99,99,NA,NA,NA,NA,NA,"","infinity-127"
"197","prod","1-115,117-126,128-130",NA,99,99,NA,NA,NA,NA,NA,"","infinity-128"
"198","prod","1-54,57,59,60-88,90-99","[100],101-109,[110],no",54,99,NA,NA,55,56,NA,"","infinity-129"
"199","prod","1-54,57,59,60-88,90-99","[100],101-109,[110],no",54,99,NA,NA,58,58,NA,"","infinity-129"
"200","prod","1-54,57,59,60-88,90-99","[100],101-109,[110],no",54,99,NA,NA,89,89,NA,"","infinity-129"
"201","nonprod","1-12,15,14,16-39,100 [prompt] 10-29,100","[40],41-49,[50],60,70,80,90,I forget",12,49,39,40,13,14,"40,50","","infinity-130"
"202","nonprod","1-12,15,14,16-39,100 [prompt] 10-29,100","[40],41-49,[50],60,70,80,90,I forget",12,49,39,50,NA,NA,"40,50","","infinity-130"
"203","nonprod","1-25,24",NA,25,25,NA,NA,NA,NA,NA,"","infinity-131"
"204","prod","1-39 [39..] that's all I know","[40],41-59,100,[60],61-69,100,[70],71-79,100,[80],81-89,[90],91-109,50",39,99,39,40,NA,NA,"40,60,70,80,90","","infinity-132"
"205","prod","1-39 [39..] that's all I know","[40],41-59,100,[60],61-69,100,[70],71-79,100,[80],81-89,[90],91-109,50",39,99,39,60,NA,NA,"40,60,70,80,90","","infinity-132"
"206","prod","1-39 [39..] that's all I know","[40],41-59,100,[60],61-69,100,[70],71-79,100,[80],81-89,[90],91-109,50",39,99,39,70,NA,NA,"40,60,70,80,90","","infinity-132"
"207","prod","1-39 [39..] that's all I know","[40],41-59,100,[60],61-69,100,[70],71-79,100,[80],81-89,[90],91-109,50",39,99,39,80,NA,NA,"40,60,70,80,90","","infinity-132"
"208","prod","1-39 [39..] that's all I know","[40],41-59,100,[60],61-69,100,[70],71-79,100,[80],81-89,[90],91-109,50",39,99,39,90,NA,NA,"40,60,70,80,90","","infinity-132"
"209","prod","1-116",NA,99,99,NA,NA,NA,NA,NA,"","infinity-133"
"210","prod","1-109,2000,2001-2009",NA,99,99,NA,NA,NA,NA,NA,"","infinity-134"
"211","prod","1-29,28,29-65,68,69,100","69,[70],71-74,76,75-79,50,[no],80,[yes],81-89,50?[no],80?[no],90-99,50?[100],101-108,110-112,130,180",65,99,69,70,66,67,"70,80,90","","infinity-135"
"212","prod","1-29,28,29-65,68,69,100","69,[70],71-74,76,75-79,50,[no],80,[yes],81-89,50?[no],80?[no],90-99,50?[100],101-108,110-112,130,180",65,99,69,80,NA,NA,"70,80,90","","infinity-135"
"213","prod","1-29,28,29-65,68,69,100","69,[70],71-74,76,75-79,50,[no],80,[yes],81-89,50?[no],80?[no],90-99,50?[100],101-108,110-112,130,180",65,99,69,90,NA,NA,"70,80,90","","infinity-135"
"214","nonprod","1-13,15-19,11,21-29,twenty ten, twenty eleven, twenty twelve,[28, 29],30-39, thirty ten, thirty eleven","[39,40], no",13,39,NA,NA,14,14,NA,"","infinity-136"
"215","nonprod","1-13,15-19,11,21-29,twenty ten, twenty eleven, twenty twelve,[28, 29],30-39, thirty ten, thirty eleven","[39,40], no",13,39,NA,NA,20,20,NA,"","infinity-136"
"216","nonprod","1-49.","[50],100",49,49,49,50,NA,NA,"50","","infinity-138"
"217","nonprod","1-20,",NA,20,20,NA,NA,NA,NA,NA,"","infinity-140"
"218","prod","1-109,1000",NA,99,99,NA,NA,NA,NA,NA,"","infinity-141"
"219","prod","1-42,44-129",NA,42,99,NA,NA,43,43,NA,"","infinity-142"
"220","prod","1-100, 1000",NA,99,99,NA,NA,NA,NA,NA,"","infinity-143"
"221","nonprod","1- 58, 90",NA,58,58,NA,NA,NA,NA,NA,"","infinity-144"
"222","prod","1- 49, 30,","[50]-69, 30, 70-89, 30, 90-119",49,99,49,50,NA,NA,"50","","infinity-145"
"223","prod","1-49,","[50]-69, [70]-79, [80]-109",49,99,49,50,NA,NA,"50,70,80","","infinity-146"
"224","prod","1-49,","[50]-69, [70]-79, [80]-109",49,99,49,70,NA,NA,"50,70,80","","infinity-146"
"225","prod","1-49,","[50]-69, [70]-79, [80]-109",49,99,49,80,NA,NA,"50,70,80","","infinity-146"
"226","prod","1-100",NA,99,99,NA,NA,NA,NA,NA,"","infinity-147"
"227","prod","1-101",NA,99,99,NA,NA,NA,NA,NA,"","infinity-148"
"228","prod","1-121",NA,99,99,NA,NA,NA,NA,NA,"","infinity-149"
"229","prod","1-109",NA,99,99,NA,NA,NA,NA,NA,"","infinity-150"
"230","prod","1-109",NA,99,99,NA,NA,NA,NA,NA,"","infinity-151"
"231","prod","1 -- 49","[50], 51-65, 68, 67-109 [110]",49,99,49,50,NA,NA,"50","","infinity-152"
"232","prod","1-109",NA,99,99,NA,NA,NA,NA,NA,"","infinity-153"
"233","prod","1 -- 59","[60],61 -109",59,99,59,60,NA,NA,"60","","infinity-154"
"234","prod","1--79","[80]-89, [90]-100",79,99,79,80,NA,NA,"80,90","","infinity-155"
"235","prod","1--79","[80]-89, [90]-100",79,99,79,90,NA,NA,"80,90","","infinity-155"
"236","prod","1--49","[50] -59, [60]-69, [70] - 79, [80]-89, [90]-99, [100]",49,99,49,50,NA,NA,"50,60,70,80,90","","infinity-156"
"237","prod","1--49","[50] -59, [60]-69, [70] - 79, [80]-89, [90]-99, [100]",49,99,49,60,NA,NA,"50,60,70,80,90","","infinity-156"
"238","prod","1--49","[50] -59, [60]-69, [70] - 79, [80]-89, [90]-99, [100]",49,99,49,70,NA,NA,"50,60,70,80,90","","infinity-156"
"239","prod","1--49","[50] -59, [60]-69, [70] - 79, [80]-89, [90]-99, [100]",49,99,49,80,NA,NA,"50,60,70,80,90","","infinity-156"
"240","prod","1--49","[50] -59, [60]-69, [70] - 79, [80]-89, [90]-99, [100]",49,99,49,90,NA,NA,"50,60,70,80,90","","infinity-156"
"241","prod","1-110",NA,99,99,NA,NA,NA,NA,NA,"","infinity-157"
